biote_clinic_name,biote_phone,biote_street,biote_city,biote_state,biote_zip,evexipel_practiceName,evexipel_phone,evexipel_street,evexipel_city,evexipel_stateCode,evexipel_zip,evexipel_id
Optima Medical Care,480-496-2696,8575 E. Princess Dr.  Suite 117,Scottsdale,AZ,85255,Ageless Beauty and Wellness,(520) 341-5928,"8575 E Princess Dr, STE",A-221 Scottsdale,AZ,85255,evx-0086
OnPoint Family Care DTC,303-694-5757,8200 E. Belleview Ave.  Suite 202C,Greenwood Village,CO,80111,The Colorado Center for Health,(303) 221-5400,8200 E Belleview Ave. Suite,Greenwood Village,CO,80111,evx-0326
Cosmetic Laser Professionals Med Spa,305-456-1170,8501 SW 124 Ave  Suite 212A,Miami,FL,33183,Complete Womens Care - Miami,(561) 717-7894,8501 Southwest 124th Avenue,Miami,FL,33183,evx-0563
Lindsay Aesthetics,813-920-8300,16541 Pointe Village Dr. 211,Lutz,FL,33558,FAMILY FIRST WELLNESS,(727) 746-5323,16541 Pointe Village Dr Ste 211,Lutz,FL,33558,evx-0550
The Aesthetics Lab,813-773-3661,4014 W. Estrella St  Suite A,Tampa,FL,33629,The Aesthetics Lab,(727) 756-8079,4014 W Estrella St Ste,Tampa,FL,33629,evx-0736
Urbaniak Plastic Surgery,727-447-4536,13201 Walsingham Rd  Ste 200,Largo,FL,33774,Optimize Integrative Health,(727) 312-0148,13201 Walsingham Rd Ste 101,Largo,FL,33774,evx-0541
"Hope in Health, LLC",(239) 414-6588,2301 Del Prado Blvd. South Unit 180  Suite 59,Cape Coral,FL,33990,K&M Aesthetics,(239) 323-6807,2301 Del Prado Blvd S Ste 180,Cape Coral,FL,33990,evx-0448
"Diane Brzezinski, DO, PA",239-261-9990,1250 Pine Ridge Road  Unit 101A,Naples,FL,34108,"Diane Brzezinski, DO",(239) 778-7899,1250 Pine Ridge Rd Ste,Naples,FL,34108,evx-0598
Roswell Pain Specialists,678-736-7680,1300 Upper Hembree Road Suite B  Building 100,Roswell,GA,30076,Providence Wellness Center,(470) 518-5721,1300 Upper Hembree Road Ste,Roswell,GA,30076,evx-0896
"Honolulu Pain Management Clinic, LLC.",808-528-3657,500 Ala Moana Blvd  Suite #1-302,Honolulu,HI,96813,Excel Dermatology of Hawaii,(808) 207-9979,"500 Ala Moana Blvd Building 4, Suite 470",Honolulu,HI,96813,evx-0934
Sohn Medical Center,847-843-9191,1700 W. Central Rd  Suite 140,Arlington Heights,IL,60005,Liposuction & Cosmetic Surgery Institute,(847) 499-1573,1700 W. Central Road,Arlington Heights,IL,60005,evx-0988
Meliora Integrative Medicine,(847) 440-4355,1740 Ridge Ave  Suite 120 Suite 120,Evanston,IL,60201,Meliora Integrative Medicine,(708) 498-7641,1740 Ridge Ave Ste 120,Evanston,IL,60201,evx-1034
Future Hope Total Health,502-633-6411,231 Midland Park  Suite 101,Shelbyville,KY,40065,Future Hope Total Health,(502) 842-4077,231 Midland Park Ste 101,Shelbyville,KY,40065,evx-1184
Grand Pearl Spa- A Division of Plastic Surgery Associates,616-451-4500,220 Lyon St. NW  Suite 700,Grand Rapids,MI,49503,Grand Pearl Spa,(269) 301-1357,220 Lyon Street Northwest Suite 700 Suite 700,Grand Rapids,MI,49503,evx-1322
Urban Medspa and Weight Loss Center,(704) 971-9191,8535 Cliff Cameron Drive  STE 116,Charlotte,NC,28269,Urban Med Spa,(980) 247-4325,8535 Cliff Cameron Dr. Suite 116,Charlotte,NC,28269,evx-1434
"Wellness in the Lehigh Valley, LLC",610-821-2820,1275 S. Cedar Crest Blvd.  Suite 5,Allentown,PA,18103,Wellness In The Lehigh Valley Llc,(267) 377-4502,1275 S Cedar Crest Blvd Ste 5,Allentown,PA,18103,evx-1833
Advanced Hormone Management,972-276-9902,3201 E. President George Bush Turnpike  Suite 107,Richardson,TX,75082,Advanced Hormone Management,(972) 787-2270,3201 E President George Bush Hwy Ste 107,Richardson,TX,75082,evx-2497
OB/GYN North Dallas,972-981-7777,6124 West Parker Road  Suite 134,Plano,TX,75093,Northlake Obstetrics & Gynecology Plano,(817) 796-9043,6124 West Parker Road Bldg. 3-Suite 136,Plano,TX,75093,evx-2480
"SSN Legacy Health, PLLC.",281-206-8070,2222 Greenhouse Rd.  Suite 200,Houston,TX,77084,Kristin Schmidt MD & Aesthetics,(832) 702-3828,2222 Greenhouse Rd Ste 2000,Houston,TX,77084-7855,evx-2275
Kadavil FNP & Associates PC,(210) 699 6993,8038 Wurzbach Rd  Suite 510,San Antonio,TX,78229,Seger MD Wellness & Weight Management,(830) 355-3139,8038 Wurzbach Road Suite 250,San Antonio,TX,78229,evx-2542
"Valley Aesthetics, LLC",956-230-3312,5505 S. Expressway 77  Suite 203,Harlingen,TX,78550,Rio Grande Medicine,(956) 436-5274,5505 S. Expressway 77 Ste 205,Harlingen,TX,78550,evx-2254
Austin Preferred Integrative Medicine,(512) 442-2727,6836 Bee Cave Road Building 1  Suite 200,Austin,TX,78746,Vik Medical Concierge,(737) 265-4214,6836 FM 2244 Rd Ste 103,Austin,TX,78746,evx-2078
ICAM Institute of Amarillo,806-468-4616,1901 Medi-Park  Ste 1001,Amarillo,TX,79106,Amaro Integrative Medicine,(806) 605-1545,1901 Medi-Park Dr Ste 1048,Amarillo,TX,79106,evx-2051
Lubbock Family Medicine,806-698-8088,7008 Indiana Ave.  Suite A,Lubbock,TX,79413,Lubbock Family Medicine,(806) 606-0948,7008 Indiana Ave Ste,Lubbock,TX,79413,evx-2356
"Advanced Health Clinic, LLC",801-447-8680,630 W. Shepard Lane  #102,Farmington,UT,84025,Advanced Health Clinic,(801) 516-4822,630 Shepard Ln Ste 102,Farmington,UT,84025,evx-2639
Vgentle,801-796-2229,394 W Main Street  Suite 209,Lehi,UT,84043,Helix Springs Family Care,(385) 421-9478,394 W Main St. Ste 209,Lehi,UT,84043,evx-2648
Brad Rodgers Family Practice & Sports Medicine,308-237-2273,102 3rd Ave Suite A,Kearney,NE,68845,Brad Rodgers Family Practice,(308) 737-4216,102 3Rd Ave Ste,Kearney,NE,68845,evx-1524
Regenirex,308-237-9696,5205 2ND Ave Suite 1,Kearney,NE,68847,Tim Mason Family Medicine and Wound Care,(308) 646-0447,5205 N 2nd Ave Ste 3,Kearney,NE,68847,evx-1526
Bargas Wellness,405-607-4445,3839 S Boulevard St Suite 100,Edmond,OK,73013,Bargas Wellness,(572) 220-2925,3839 S. Boulevard St Ste 100,Edmond,OK,73013,evx-1758
Magnolia Clinic,405-585-0475,4409 N Kickapoo Suite 121,Shawnee,OK,74804,Magnolia Clinic,(405) 704-3869,4409 N Kickapoo Ave. Ste 121,Shawnee,OK,74804,evx-1795
Osage Valley Plastic Surgery,(573) 348-4863,985 Executive Beach,Osage Beach,MO,65065,Osage Valley Plastic Surgery,(573) 524-8848,985 Executive Drive,Osage Beach,MO,65065,evx-1368
Osage Valley Plastic Surgery - Columbia,(573) 348-4863,1601 Broadway Ste. 250,Columbia,MO,65201,Osage Valley Plastic Surgery - Columbia,(573) 533-4125,1601 East Broadway Suite 250,Columbia,MO,65201,evx-1359
Ada Aesthetic Inc,(580) 279-6002,1414 Arlington,Ada,OK,74820,Ada Aesthetics,(918) 842-3432,1414 Arlington Ste 1500,Ada,OK,74820,evx-1751
The Skin Company,580-279-6002,23 E Choctaw Ave Ada Aesthetic,Mcalester,OK,74501,The Skin Company Med Spa,(918) 302-2824,23 E Choctaw Ave,McAlester,OK,74501,evx-1774
Silk & Co Medical Aesthetics & Spa,720-287-2067,117 N Main Street Suite B,Brighton,CO,80601,Silk & Co. Medical Aesthetics & Spa,(970) 598-0596,117 N Main Street Suite,Brighton,CO,80601,evx-0252
Cherry Creek Family Medicine,720-699-7672,6551 S Revere Pkwy. Suite 225,Centennial,CO,80111,Invigorate Advanced Aesthetics,(720) 580-4493,6551 S Revere Pkwy Ste 120,Centennial,CO,80111,evx-0261
"Elite Health Colorado, PLLC",(719) 300-7700,5925 Lehman Drive,Colorado Springs,CO,80918,Elite Health Colorado,(719) 286-5047,5925 Lehman Drive Ste 1,Colorado Springs,CO,80918,evx-0273
Women’s Health Care Associates - Sky Ridge,303-788-8460,10107 Ridge Gate Parkway #320,Lone Tree,CO,80124,Evexias Medical Centers - Denver,(720) 730-3114,10107 Ridgegate Pkwy Ste 360,Lone Tree,CO,80124,evx-0346
Integrative Womens Care,303-791-2112,10099 Ridgegate PKWY #280,Lone Tree,CO,80124,Atagi Aesthetics & Besana Wellness,(303) 951-5527,10099 Ridgegate Pkwy Ste 430,Lone Tree,CO,80124,evx-0344
MedNOW - Colorado Springs,(719) 634-8891,2960 N Circle Dr Suite 200,Colorado Springs,CO,80909,Newma LLC,(719) 249-8233,2960 N Circle Dr Ste 100,Colorado Springs,CO,80909,evx-0280
Women's Health Care Associates,303-795-0890,7720 S. Broadway #440,Littleton,CO,80122,Anti-Aging at South Suburban,(720) 605-7350,7720 South Broadway Suite 480,Littleton,CO,80122,evx-0332
Advent Health Medical Group OB/GYN @ Littleton,(720) 922-6420,7720 South Broadway Suite 250,Littleton,CO,80122,Anti-Aging at South Suburban,(720) 605-7350,7720 South Broadway Suite 480,Littleton,CO,80122,evx-0332
Premier Spine & Pain Institute,303-844-5000,9351 Grant Street Suite 490,Thornton,CO,80229,Premier Spine & Pain Institute,(720) 650-7057,9351 Grant St Suite 490,Thornton,CO,80229,evx-0375
Skinbar Medspa,(720) 665-5540,12001 Tejon St. #130,Westminster,CO,80234,Skin Bar MedSpa Colorado,(720) 669-7198,12001 Tejon St. Ste 130,Westminster,CO,80234,evx-0379
Panhandle Weight Loss Center,806-677-7952,1301 S. Coulter Suite 413,Amarillo,TX,79106,Women's Healthcare Assoc - CA,(806) 591-3216,1301 S. Coulter St Suite 300,Amarillo,TX,79106,evx-2061
Refined Health and Wellness,(806) 220-6999,1901 Medi Park Dr Suite 205,Amarillo,TX,79106,Amaro Integrative Medicine,(806) 605-1545,1901 Medi-Park Dr Ste 1048,Amarillo,TX,79106,evx-2051
Panhandle Wellness,806-359-5468,7620 Wallace Blvd,Amarillo,TX,79124,Panhandle Wellness,(806) 350-6571,7620 Wallace Blvd.,Amarillio,TX,79124,evx-2050
Acute and Chronic Pain and Spine Center,806-353-6100,24 Care Circle,Amarillo,TX,79124,West TX Valor Pain & Spine Wellness Inst,(806) 513-5778,24 Care Cir,Amarillo,TX,79124,evx-2060
Daneshfar Aesthetics Center,(806) 350-5326,24 Care Circle,Amarillo,TX,79124,West TX Valor Pain & Spine Wellness Inst,(806) 513-5778,24 Care Cir,Amarillo,TX,79124,evx-2060
Family Care Clinic of Bushland,806-310-9855,1600 FM 2381,Amarillo,TX,79124,Family Care Clinic of Bushland,(806) 256-6562,1600 S S Farm To Market Rd 2381,Amarillo,TX,79124,evx-2056
Nu-Reflections Medspa LLC,720-487-0029,1052 N. Cleveland Ave,Loveland,CO,80537,Nu-Reflections Medspa,(970) 670-9595,1052 North Cleveland Avenue,Loveland,CO,80537,evx-0353
Osage Valley Plastic Surgery - Rolla,(573) 426-7020,201 S Bishop Ave Suite. B,Rolla,MO,65401,Osage Valley Plastic Surgery - Rolla,(573) 677-9363,201 South Bishop Avenue Ste.,Rolla,MO,65401,evx-1371
"Ageless Med Spa, Inc",(319) 393-3984,1195 East Post Rd Ste. 4,Marion,IA,52302,Ageless Med Spa,(319) 205-3513,1195 E post Road Unit 4,Marion,IA,52302,evx-0944
Valley View Family Medical Clinic,940-726-5750,909 Frontage Rd. ,Valley View,TX,76272,Valley View Family Medical Clinic,(940) 291-3224,909 N Frontage Rd,Valley View,TX,76272,evx-2601
HIPOR Health+,(314) 499-6888,14825 N Outer 40 rd Ste 310,Chesterfield,MO,63017,HIPOR,(314) 988-2194,14825 North Outer 40 Rd Ste 310,Chesterfield,MO,63017,evx-1357
Thrive Aesthetics & Wellness LLC,(314) 258-5220,12977 N 40 Drive Ste 218,St. Louis,MO,63141,Simply Health Integrated Medical LLC,(618) 538-0856,12977 N 40 Dr Ste 105 St.,Louis,MO,63141,evx-1366
4Ever Young STL MedSpa,314-330-8117,11716  Studt Ave,St. Louis,MO,63141,4Ever Young Med Spa,(636) 689-3527,11716 Studt Ave,Saint Louis,MO,63141,evx-1372
The Lux MedSpa,(507) 246-2328,502 Division Street S,Northfield,MN,55057,The Lux MedSpa,(507) 824-4137,502 Division St S,Northfield,MN,55057,evx-1347
Modern Med,(314) 394-0204,10010 Watson Road,Saint Louis,MO,63126,Modern Med,(636) 422-5472,10010 Watson Rd,Saint Louis,MO,63126,evx-1374
Beauty Fix Aesthetics & Wellness,940-595-9115,6021 Morris Rd Suite 112,Flower Mound,TX,75028,Beauty Fix Aesthetics & Wellness,(940) 286-3299,6021 Morriss Rd Ste 112,Flower Mound,TX,75028,evx-2215
RescueMD,(972) 390-7667,945 Stockton Dr Unit 6100,Allen,TX,75013,Low Testosterone and Wellness Center,(903) 551-7969,945 W Stacy Rd Ste 120,Allen,TX,75013,evx-2045
"Jane Rowley, MD, PA",806-789-3218,3519 22nd Pl. ,Lubbock,TX,79410,"Rhiannon Newsom, Np-C",(806) 792-3715,3519 22Nd Place,Lubbock,TX,79410,evx-2365
The SKYN Lab,972-566-3303,7777 Forest Lane B-416,Dallas,TX,75230,GHD,(972) 843-7757,7777 Forest Ln Bldg-B Ste 416,Dallas,TX,75230,evx-2184
Metroplex Women's Health Care,(972) 475-9505,1020 W. Ralph Hall Parkway Suite 101,Rockwall,TX,75032,Metroplex Women's Health Care,(972) 789-4163,1020 West Ralph Hall Parkway Suite 101,Rockwall,TX,75032,evx-2511
Story Medical,(817) 346-4000,6049 Harris Parkway Suite 100,Fort Worth,TX,76132,Hulen Total Care PA,(972) 640-1212,6049 South Hulen Street,Fort Worth,TX,76132,evx-2220
Exceed Health Clinic,903-306-0001,3725 Mall Dr.,Texarkana,TX,75501,Exceed Health Clinic,(903) 501-3282,3725 Mall Ln,Texarkana,TX,75501,evx-2581
Liv Wellness Lounge,(815) 200-5614,525 1st Street,LaSalle,IL,61301,Liv Wellness Lounge,(815) 849-8508,525 1st St,Salle,IL,61301,evx-1071
"Johnathan Lewis, MD PLLC",(870) 836-5709,430 Magnolia Road,Camden,AR,71701,The Lewis Clinic,(870) 454-2499,430 Magnolia Rd,Camden,AR,71701,evx-0038
The Aesthetics Studio,(615) 663-7393,116 Lafayette Street Suite 1,Ottawa,IL,61350,"Integrative Primary Care, Inc.",(779) 237-8068,116 West Lafayette Street Ste 1,Ottawa,IL,61350,evx-1062
Liv Wellness Lounge,(815) 587-2412,827 E. Norris Drive,Ottawa,IL,61350,Liv Wellness Lounge - Ottawa,(815) 736-9038,827 E Norris Dr,Ottawa,IL,61350,evx-1063
Amazing Face Aesthetics,903-331-0863,405 W Loop 281 Suite J,Longview,TX,75605,Total Testosterone,(903) 304-1706,405 W Loop 281 Ste,Longview,TX,75605,evx-2342
Integrative Medical,815-977-7019,7177 Crimson Ridge Drive. Ste. 5,Rockford,IL,61107,Rockford Hormone Management,(779) 368-1850,7177 Crimson Ridge Dr. Suite 5,Rockford,IL,61107,evx-1070
Clinica la Esperanza,505-508-1739,1400 Barbara Loop SE STE A,Albuquerque,NM,87124,Mirage Wellness Center & Medspa,(575) 255-6967,1400 Barbara Loop SE Suite,Rio Rancho,NM,87124,evx-1603
"Megan Chandler, FNP-C",432-607-3200,600 Interstate 20 East,Stanton,TX,79782,Permian Basin Wellness,(432) 300-7314,600 Interstate 20,East Stanton,TX,79782,evx-2207
VivaBalance,432-607-3200,600 Interstate 20,Stanton,TX,79782,Permian Basin Wellness,(432) 300-7314,600 Interstate 20,East Stanton,TX,79782,evx-2207
Body For Life,(901) 464-0443,8370 US Hwy 51 N Ste. 106,Millington,TN,38053,Body for Life Millington,(901) 403-7365,8370 US Highway 51 N Ste 106,Millington,TN,38053,evx-2016
Mosaic Biohealth,970-812-3776,735 Bookcliff Avenue,Grand Junction,CO,81501,Mosaic Biohealth,(970) 695-8742,735 Bookcliff Avenue Unit,Grand Junction,CO,81501,evx-0318
Today's Wellness and Aesthetics,(708) 229-1444,3913 W 95th Street,Evergreen Park,IL,60805,P D Medical SC,(219) 491-1889,3913 W 95th St,Evergreen Park,IL,60805,evx-1035
Laccura Med Spa & Wellness Center,847-748-8948,1729 Green Bay Road,Highland Park,IL,60035,Laccura Medical Spa,(224) 313-4729,1729 Green Bay Rd,Highland Park,IL,60035,evx-1044
Reclaim Your Health and Wellness,(812) 442-5600,803 W National Ave,Brazil,IN,47834,Reclaim Your Health & Wellness,(765) 548-4316,803 W National Avenue,Brazil,IN,47834,evx-1090
Balance Health and Wellness Clinic,(512) 963-3993,1502 Blue Ridge Dr. Ste. 305,Georgetown,TX,78626,Wiseman Family - Georgetown,(512) 345-3530,1502 Blue Ridge Dr Ste 100,Georgetown,TX,78626,evx-2241
MegMed Health,(662) 539-7014,210 Hwy 30 W,New Albany,MS,38652,MegMed Health,(662) 576-2226,210 State Highway 30 W,New Albany,MS,38652,evx-1394
Discovery Health and Healing Center,(920) 343-6443,1601 S. Webster Avenue,Green Bay,WI,54301,Discovery Health Healing Center,(920) 536-4721,1601 S. Webster Ave,Green Bay,WI,54301,evx-2758
Advanced Hormone Therapy of Montgomery,936-582-0220,19782 Hwy W 105 Suite 111,Montgomery,TX,77356,Advanced Hormone Therapy Of Montgomery,(334) 409-6870,19782 Highway 105 W Ste 111,Montgomery,TX,77356,evx-2423
Del Pilar Medical and Urgent Care Center PC,(574) 320-6351,270 East Day Road 280,Mishawaka,IN,46545,Biosculpt Medical and Aesthetics LLC,(269) 229-6700,270 E Day Rd Ste 260,Mishawaka,IN,46545,evx-1111
Elevate Health & Wellness,208-881-2201,506 Honea Rd Suite 305,Magnolia,TX,77354,Biometric Profile Health,(281) 607-4105,506 Honea Egypt Rd Ste 104,Magnolia,TX,77354,evx-2379
MD Cosmedx Laser and Lipo Center,(270) 783-9535,2424 Airway Dr.,Bowling Green,KY,42103,MD Cosmedx,(270) 518-6469,2424 AIRWAY DRIVE,Bowling Green,KY,42103,evx-1138
Elegant Aesthetics Medical Spa,(615) 795-1123,214 2nd Avenue South,Franklin,TN,37064,Elegant Aesthetics,(931) 671-1329,214 2nd Ave S,Franklin,TN,37064,evx-1998
Northwest Women's Center,281-444-3440,13215 Dotson Rd. Ste 200,Houston,TX,77070,Willowbrook Wellness Center,(281) 524-2062,13215 Dotson Rd Suite 200,Houston,TX,77070,evx-2287
Cypress Comprehensive Medical Services,(832) 676-4512,10242 Greenhouse Rd. Unit 802,Cypress,TX,77433,New Beginnings Women's Care & Aesthetics,(346) 423-2964,10242 Greenhouse Road Ste 801,Cypress,TX,77433,evx-2173
Total Life Wellness & Aesthetics,(270) 982-3322,124 ERNEST R KOUMA BOULEVARD Ste 1,Radcliff,KY,40160,Total Life Wellness and Aesthetics,(812) 737-3921,124 Ernest R Kouma Blvd Ste 1,Radcliff,KY,40160,evx-1182
Texas Premier Physicians,(713) 714-2448,1415 North Loop West Ste. MezzC,Houston,TX,77008,Houston OG,(346) 233-1431,1415 North Loop W Ste 750,Houston,TX,77008,evx-2272
"Marissa Largoza MA, PA",210-692-0831,4499 Medical Dr. Unit 191,San Antonio,TX,78229,Crown Health & Wellness,(210) 934-9168,4499 Medical Dr Ste 250,San Antonio,TX,78229,evx-2525
Allure Gynecology and Aesthetics,(281) 857-0991,12727 Kimberly Ln Suite 304,Houston,TX,77024,ACPS - The Surgicentre,(346) 616-9715,12727 Kimberley Ln Ste 300,Houston,TX,77024,evx-2262
Champion Healthcare Group,(409) 347-8989,2850 Eastex Fwy Ste. 100,Beaumont,TX,77703,Champion Healthcare,(409) 207-8677,2850,Eastex Freeway #100 Beaumont,TX,77703,evx-2208
Beauty Bar & Wellness,(502) 414-4651,12406 La Grange Rd. Suite 201,Louisville,KY,40245,Beauty Bar and Wellness,(930) 300-4506,12406 La Grange Rd Ste 201,Louisville,KY,40245,evx-1161
R+ Med Spa,(270) 651-4772,210 Shane Drive,Glasgow,KY,42141,R+ Med Spa,(270) 606-7960,210 Shane Dr,Glasgow,KY,42141,evx-1148
Dr. Carlos Cardenas MD. PA.,(210) 465-5545,1303 McCullough Ave. Suite 533,San Antonio,TX,78212,Neera Bhatia MD PA,(210) 222-2694,1303 McCullough Avenue Suite 237,San Antonio,TX,78212,evx-2535
Her Health OBGYNFC,915-629-0442,9398 Viscount Blvd. 2B,El Paso,TX,79925,Higher Level Skin & Beauty El Paso,(915) 223-6705,9398 Viscount Blvd Bldg,Paso,TX,79925,evx-2460
Modern MD,(915) 228-3080,5915 Silver Springs Building 3 Suite A,El Paso,TX,79912,"Lauro I. Ortega, MD, PA",(915) 221-9240,5915 Silver Springs Dr Bldg,Paso,TX,79912,evx-2462
Iglesias Family Medicine,915-440-0099,9895 Alameda Ave Unit 118,El Paso,TX,79927,Iglesias Family Medicine,(915) 223-2902,9895 Alameda Avenue Ste 118,Socorro,TX,79927,evx-2556
Elite Doc Health and Beauty,(832) 446-3206,4665 Sweetwater Blvd 200,Sugarland,TX,77479,Elite Doc Health and Beauty,(979) 398-3899,4665 Sweetwater Blvd Ste 200,Sugar Land,TX,77479,evx-2572
Rejuvenation Laser Med Spa and Weight Loss,281-991-7603,5119 Fairmont Parkway Ste A,Pasadena,TX,77505,"Rejuvenation Laser Spa, LLC",(346) 567-8346,5119 Fairmont Pkwy Suite,Pasadena,TX,77505,evx-2449
Advanced Women's Healthcare,409-729-9222,2501 Jimmy Johnson Blvd Ste. 400,Port Arthur,TX,77640,Restore + Revive,(409) 245-5365,2501 Jimmy Johnson Blvd Ste 302,Port Arthur,TX,77640,evx-2493
Infinity Laser,502-350-4556,128 Keystone Avenue,Bardstown,KY,40004,Infinity Laser Med Spa,(859) 696-6320,128 Keystone Ave,Bardstown,KY,40004,evx-1137
LaComb Health and Wellness,409-962-8509,6000 39th St.,Groves,TX,77619,LaComb Health and Wellness,(409) 216-0627,6000 39th Street Suite,Groves,TX,77619,evx-2247
The Luxe Med Spa,(260) 316-2006,920 St Rd 930 E,New Haven,IN,46774,The Luxe Spa,(260) 308-3116,920 SR 930 E,New Haven,IN,46774,evx-1116
Aurora-Body BarMD,(812) 607-1449,502 2nd St. STE B,Aurora,IN,47001,Body Bar MD - Aurora,(317) 344-0930,502 2nd Street STE,Aurora,IN,47001,evx-1088
William A Dupon MD APMC,337-281-0996,233 Doucet Rd Suite A6,Lafayette,LA,70503,Dr Dupon Aesthetics and Anti-Aging,(337) 282-9155,233 Doucet Rd Ste,Lafayette,LA,70503,evx-1213
The Ageless Center,(859) 335-1330,149 Moore Drive,Lexington,KY,40503,Ageless Center,(859) 657-8683,149 Moore Dr,Lexington,KY,40503,evx-1149
Hourglass Aesthetics,(859) 904-5274,124 Clay Avenue,Lexington,KY,40502,Hourglass Aesthetics,(859) 470-3296,124 Clay Ave,Lexington,KY,40502,evx-1153
Wellward Regenerative Medicine,(859) 275-4878,101 N Eagle Creek Drive,Lexington,KY,40509,Wellward Regenerative Medicine,(859) 295-7499,101 N Eagle Creek Dr,Lexington,KY,40509,evx-1157
MiBella Wellness Center,205-995-1009,2807 Greystone Commercial Blvd Unit 38,Birmingham,AL,35242,MiBella Wellness Center,(938) 465-4061,2807 Greystone Commercial Blvd Ste 38,Hoover,AL,35242,evx-0014
Bopp Dermatology and Facial Plastic Surgery,504-455-9933,3421 N Causeway Blvd Suite 102,Metairie,LA,70002,Bopp Dermatology & Facial Plastic Surgery,(985) 308-5517,3421 N Causeway Blvd Ste 102,Metairie,LA,70002,evx-1223
Oak House Med Spa,5042222995,1640 Hickory Avenue Suite A,Harahan,LA,70123,Oak House Med Spa,(504) 499-1069,1640 Hickory Ave Ste,Harahan,LA,70123,evx-1209
Valencia MedSpa,865-333-6554,10321 Kingston Pike,Knoxville,TN,37922,Valencia Med Spa,(865) 346-2970,10321 Kingston Pike Ste 104,Knoxville,TN,37922,evx-2008
Med Care,770-773-9902,14 Legacy Way Suite A,Adairsville,GA,30103,Med Care of Adairsville,(762) 758-3217,14 Legacy Way Suite,Adairsville,GA,30103,evx-0775
Beyond Health and Wellness LLC,956-508-8989,7109 N Bartlett Ave. Ste. 110A,Laredo,TX,78041,Obgyn Associates Of Laredo P A,(956) 717-5775,7109 N Bartlett Ave Ste 101,Laredo,TX,78041,evx-2322
"OBGYN Associates of Laredo, P.A.",956-717-0095,7109 Bartlett Ave. Ste. 102,Laredo,TX,78041,Obgyn Associates Of Laredo P A,(956) 717-5775,7109 N Bartlett Ave Ste 101,Laredo,TX,78041,evx-2322
Sandusky Wellness Center,419-239-2565,3703 Columbus Ave.,Sandusky,OH,44870,"Med Spa At Sandusky Wellness, Llc",(419) 853-8411,3703 Columbus Ave Suite,Sandusky,OH,44870,evx-1742
Plessala Gynecology & Fertility,(251) 634-8124,6701 Airport Blvd STE B-229,Mobile,AL,36608,"Plessala Gynecology & Fertility, PLLC",(251) 309-5973,6701 Airport Blvd Ste,Mobile,AL,36608,evx-0021
Advanced Health Solutions Georgia Spine & Disc,(770) 926-9495,13190 Hwy 92 Ste 70-90,Woodstock,GA,30188,Advanced Health Solutions - GA,(478) 739-4278,13190 Highway 92 Suite 70,Woodstock,GA,30188,evx-0929
Unified Premier Women's Care,(770) 427-0285,574 Church Street,Marietta,GA,30060,FWC Unified Premier Women's Care Robbins,(470) 274-7533,574 Church St NE,Marietta,GA,30060,evx-0867
Unified Premier Women’s Care- 2,(770) 427-0285,574 Church St,Marietta,GA,30060,FWC Unified Premier Women's Care Robbins,(470) 274-7533,574 Church St NE,Marietta,GA,30060,evx-0867
Best Life Vitality,404-287-7624,2108 Fairburn Rd. Ste. G,Douglasville,GA,30135,Best Life Vitality,(386) 223-6693,2108 Fairburn Rd Suite,Douglasville,GA,30135,evx-0833
Feria Natural Health & Aesthetics,480-645-9018,11000 N Scottsdale Road Suite 195,Scottsdale,AZ,85254,Skindale Medspa,(602) 560-8325,11000 N Scottsdale Rd Ste 160,Scottsdale,AZ,85254,evx-0209
AZ Nurse Practitioner,208-731-1446,42101 N. 41st Dr. Suite 152-C,Anthem,AZ,85086,Vici Aesthetics,(213) 855-2732,42101 N 41ST Dr Ste 148,Anthem,AZ,85086,evx-0089
TruBalance Wellness,(334) 246-4000,2449 Moores Mill Road,Auburn,AL,36830,Trubalance Wellness,(334) 377-9047,2449 Moores Mill Rd Suite 110,Auburn,AL,36830,evx-0007
Kingdom Wellness & Family Health,(623) 295-9737,5422 W THUNDERBIRD RD Suite 10,Glendale,AZ,85306,Elite Integrative Group,(623) 343-4793,5422 West Thunderbird Road Ste 2,Glendale,AZ,85306,evx-0132
"Signature Women's Health Care, LLC",678-380-1200,1550 Janmar Rd Ste B,Snellville,GA,30078,Renew Health,(678) 400-2540,1550 Janmar Rd Ste,Snellville,GA,30078,evx-0907
Premier Health & Wellness,678-418-6990,5900 Hillandale Drive Ste 325,Lithonia,GA,30058,Premier Health & Wellness,(470) 441-4439,5900 Hillandale Drive Ste,Lithonia,GA,30058,evx-0862
Healthy Habits Wellness Center,(304) 752-4594,258 Hanging Rock Hwy Suite. 3,Logan,WV,25601,Healthy Habits Wellness Center,(681) 881-1844,258 Hanging Rock Hwy Ste 3,Logan,WV,25601,evx-2784
Specialized Family Clinic,(956) 391-2654,801 E. Nolana Ste. 3,McAllen,TX,78504,Beauty and Health by Dr. Rashid,(956) 297-0244,801 E Nolana Ave Ste 7,McAllen,TX,78504,evx-2389
Dr. Mario Anzaldua,(956) 519-7088,1512 E. Griffen Pkwy. Suite. 2,Mission,TX,78572,Mission Family Clinic,(956) 903-2245,1512 E Griffin Pkwy Ste,Mission,TX,78572,evx-2420
Womankind OB/GYN,956-688-5922,1200 E. Ridge Rd. Ste 3,McAllen,TX,78503,Hero Family Medicine Pllc,(956) 450-7044,1200 E Savannah Ave Suite 8,Mcallen,TX,78503,evx-2404
Heal and Glow Wellness,(702) 405-9819,2121 E Flamingo Road Suite 214,Las Vegas,NV,89119,Turtle Healing Band Clinic,(702) 996-3126,2121 East Flamingo Rd Ste 112,Las Vegas,NV,89119,evx-1634
Vance Medical Services,(208) 258-7558,1001 N. Meridian Road,Meridian,ID,83642,Vance Medical,(208) 793-5599,1001 N Meridian Rd,Meridian,ID,83642,evx-0978
Best Healthcare LLC,(928) 366-1062,2851 S Avenue B Suite 2601,Yuma,AZ,85364,Elite Medical Spa and Wellness,(505) 370-7376,2851 S Avenue B Lot 5,Yuma,AZ,85364,evx-0233
Altera Aesthetix,(912) 710-0274,1088 Bermuda Run Rd #A,Statesboro,GA,30458,Altera Aesthetixs - Statesboro,(912) 329-3743,1088 Bermuda Run Rd Unit,Statesboro,GA,30458,evx-0908
Upstream Medical Care and Aesthetics,(912) 600-1161,212 Johnny Mercer Blvd Suite B,Savannah,GA,31410,Upstream Medical Care and Aesthetics,(912) 446-6342,212 Johnny Mercer Blvd Suite,Savannah,GA,31410,evx-0904
Madonna OBGYN and Medical Spa,585-698-7077,1815 South Clinton Ave Suite 450,Rochester,NY,14618,Dr Madonna Tomani,(315) 791-1513,1815 S Clinton Ave Ste 450,Rochester,NY,14618,evx-1697
Center for Midwifery and Women's Health,(703) 957-1245,24430 Stone Springs Blvd Suite 475,Dulles,VA,20166,Millennium Medical Care - Stone Springs,(681) 540-0229,24430 Stone Springs Blvd Suite 200,Sterling,VA,20166,evx-2708
Women`s Wellness Center,(703)819-9696,7900 Sudley Rd Ste 424,Manassas,VA,20109,Integrative Medicine & Wellness,(240) 244-4913,7900 Sudley Road Suite 416,Manassas,VA,20109,evx-2703
Palmetto Womens Health,(843) 884-2206,1300 Hospital Dr,Mt Pleasant,SC,29464,Charleston Men's Clinic,(843) 508-2176,1300 Hospital Drive Suite 310,Pleasant,SC,29464,evx-1952
Burick Center for Health and Wellness,(717) 730-9000,2005 Technology Parkway Ste. 350,Mechanicsburg,PA,17050,Burick Center For Health And Wellness,(717) 853-1701,2005 Technology Pkwy Ste 350,Mechanicsburg,PA,17050,evx-1849
Comprehensive Family Wellness,775-900-3913,2321 Pyramid Way,Sparks,NV,89431,Comprehensive Family Wellness,(775) 526-3790,2321 Pyramid Way Suite,Sparks,NV,89431,evx-1647
Healing Advanced Solutions,(904) 373-1661,11555 Central PKWY STE 804,Jacksonville,FL,32224,Limitless Me Wellness,(904) 789-8027,"11555 Central Parkway, Suite 402",Jacksonville,FL,32224,evx-0512
Tailored Care Solutions,(904) 789-0643,13241 Bartram Park Blvd UNIT 513,Jacksonville,FL,32258,Coastal Medical Care,(904) 529-0740,13241 Bartram Park Boulevard Unit 713,Jacksonville,FL,32258,evx-0509
Carolina Clinic for Health and Wellness,252-757-3939,2414 Emerald Place,Greenville,NC,27834,Carolina Clinic for Health and Wellness,(252) 359-2043,2414 Emerald Pl,Greenville,NC,27834,evx-1456
Center for Hormone Health and Wellness,(757) 223-0940,711 BRICK KILN BLVD STE D,Newport News,VA,23602,Center for Weight Loss Success,(757) 854-9779,711 Brick Kiln Blvd Ste,Newport News,VA,23602,evx-2704
Alliance Regen and Rehab,(727) 258-7224,111 2nd Ave NE Suite 1401,St. Petersburg,FL,33701,ST PETE WELLNESS & MEDSPA,(727) 295-1370,111 2nd Ave NE Ste 1405 St,Petersburg,FL,33701,evx-0663
St. Pete Wellness & Medspa,727-873-0500,111 Second Ave NE Suite 1405,St. Petersburg,FL,33701,ST PETE WELLNESS & MEDSPA,(727) 295-1370,111 2nd Ave NE Ste 1405 St,Petersburg,FL,33701,evx-0663
Beyond Bela Med Spa,(787) 718-4028,201 E. Robertson St.,Brandon,FL,33511,Trinity Wellness,(727) 594-4956,201 Lithia Pinecrest Rd.,Brandon,FL,33511,evx-0443
Dr. Laura Staver,541-388-2207,628 NW York Drive Ste 104,Bend,OR,97703,Dr Laura Staver,(541) 546-1257,628 NW York Dr Ste 104,Bend,OR,97703,evx-1817
Stevenson Family Practice,(443) 944-8139,1300 S. Division St. Ste. C,Salisbury,MD,21804,Hogue Health Vitality and Aesthetics,(302) 404-2530,1300 S Division St Ste,Salisbury,MD,21804,evx-1311
Florida Cosmetic Center - Lakeland,(786) 705-2765,4019 US Hwy 98N Suite 121,Lakeland,FL,33809,Florida Cosmetic Center,(352) 227-6448,4019 US Hwy 98 N STE 121,Lakeland,FL,33809,evx-0532
J & J Aesthetics,941-315-4052,5323 4th Avenue Circle East,Bradenton,FL,34208,West Coast Women's Specialists,(727) 297-3764,5323 4th Ave Cir E,Bradenton,FL,34208,evx-0439
Lasting Impression Medical Aesthetics,201-579-3550,25-15 Fair Lawn Ave. Lower Level R,Fair Lawn,NJ,07410,Lasting Impression Medical Aesthetics,(845) 712-9616,25-15 Fair Lawn Ave,Lower Level R Fair Lawn,NJ,07410,evx-1544
"Yixiu Zheng, MD at Renaissance Medical",212-933-9661,220 East 63rd Street Suite LH,New York,NY,10065,Renaissance Medical,(646) 652-7368,220 East 63rd Street,Apt LH New York,NY,10065,evx-1651
Doctors of Northport - Elmhurst,718-699-9737,9406 59th Ave Suite E9,Elmhurst,NY,11373,Leva Medical P.C.,(973) 406-4177,9406 59Th Ave Ste,E-9 Elmhurst,NY,11373,evx-1661
Endocrinology Institute of South FL,(239) 799-1102,22904 Lyden Dr Ste 106,Estero,FL,33928,Endocrinology Institute of South Florida,(239) 350-2239,22904 Lyden Dr Unit 101,Estero,FL,33928,evx-0488
Optimal BioHealth,(425) 485-1413,10024 Main Street Suite. 2C,Bothell,WA,98011,Optimal Biohealth,(425) 484-7089,10024 Main Street Suite,Bothell,WA,98011,evx-2724
"VitalaTE, LLC",561-998-5100,2900 N. Military Trail Suite 241,Boca Raton,FL,33431,Boca Center for Healthy Living,(561) 994-2007,2900 N Military Trl Ste 245,Boca Raton,FL,33431,evx-0429
Glanz Aesthetics,(305) 434-8354,2000 NW 87 Ave Suite. 201,Doral,FL,33172,GLANZ Endocrinology Aesthetics Wellness,(754) 251-1068,2000 Northwest 87th Avenue Ste 201,Doral,FL,33172,evx-0479
Rotemberg Plastic Surgery PLLC,3052745170,7000 SW 62nd Avenue PH-B,South Miami,FL,33143,Somi Hormone Health & Wellness,(754) 219-4327,7000 SW 62nd Ave Ste 400,Miami,FL,33143,evx-0587
Joanna Finazzo MD OB/GYN,(305) 665-9644,7000 SW 62ND AVE STE 310,South Miami,FL,33143,Somi Hormone Health & Wellness,(754) 219-4327,7000 SW 62nd Ave Ste 400,Miami,FL,33143,evx-0587
Compassionate Health Medical Group - South Miami,(763) 343-7290,7000 SW 62 Ave Suite. 600,South Miami,FL,33143,Somi Hormone Health & Wellness,(754) 219-4327,7000 SW 62nd Ave Ste 400,Miami,FL,33143,evx-0587
Vitality Healthcare Group,(786) 904-5599,14873 S Dixie Highway,Miami,FL,33176,Vitality Healthcare Group,(786) 650-0014,14873 South Dixie Highway,Miami,FL,33176,evx-0590
Ashford Medical Center,787-721-1541,29 Calle Washington Lobby,Condado,PR,00907,Instituto Ginecologico,(787) 305-3369,29,Calle Washington LBBY San Juan,PR,00907,evx-1881
Dra Beatriz C. Soler-Blanco,(787) 900-1767,29 Calle Washington Suite. 301,San Juan,PR,00907,Instituto Ginecologico,(787) 305-3369,29,Calle Washington LBBY San Juan,PR,00907,evx-1881
Dr. Edgardo Rivera,787-724-8441,29 Calle Washington Ste 402,San Juan,PR,00907,Instituto Ginecologico,(787) 305-3369,29,Calle Washington LBBY San Juan,PR,00907,evx-1881
United Ob Gyn PSC,(787) 407-8064,655 Calle Dr. Pavia Fernandez Suite. 301,San Juan,PR,00909,Dr Nicolas Casellas,(787) 496-2790,655 Calle Dr Pavia Fernandez Suite 302,San Juan,PR,00909,evx-1895
Beaumedics,787-250-6016,961 Ave. F.D. Roosevelt,San Juan,PR,00920,Beaumedics,(787) 490-1283,961 FD Roosevelt Avenue,URB Puerto Nueva San Juan,PR,00920,evx-1910
"Antonio Ramirez-Gonzalez, MD",787-756-0100,735 AVE PONCE DE LEON STE 601 TORRE AUXILIO MUTUO,San Juan,PR,00917-5028,"Rodriguez Ginorio, Henry",(787) 699-3168,"735 Ave Ponce De Leon, Ste 405",Torre Auxilio Mutio San Juan,PR,00917,evx-1904
Dra. Carlos Pons,787-552-6722,735 Ponce de Leon Ave. Torre Auxilio Mutuo Suite 613,San Juan,PR,00917,"Rodriguez Ginorio, Henry",(787) 699-3168,"735 Ave Ponce De Leon, Ste 405",Torre Auxilio Mutio San Juan,PR,00917,evx-1904
Instituto Ginecologico - San Juan Medical,787-766-2003,4 Calle Rvdo Domingo Marrero ,San Juan,PR,00925,Instituto Ginecologico - Domingo,(939) 320-7403,4,Calle Rvdo Domingo Marrero San Juan,PR,00925,evx-1880
"Henry A. Rodriguez Ginorio, MD",787-753-4505,735 Ponce de Leon Ave. Suite 405,Hato Rey,PR,00917,"Rodriguez Ginorio, Henry",(787) 699-3168,"735 Ave Ponce De Leon, Ste 405",Torre Auxilio Mutio San Juan,PR,00917,evx-1904
